,model_name,model_size_gb,model_size_mb,model_size_kb,model_size_bytes,num_params
0,TinyNet,7.450580596923828e-09,7.62939453125e-06,0.0078125,8,2
1,SmallNet,0.00023099035024642944,0.23653411865234375,242.2109375,248024,62006
2,SqueezeNet,0.004650741815567017,4.762359619140625,4876.65625,4993696,1248424
3,ResNet,0.0435827374458313,44.62872314453125,45699.8125,46796608,11689512
4,ResNet,0.08126634359359741,83.21673583984375,85213.9375,87259072,21797672
5,ResNet,0.09540564566850662,97.69538116455078,100040.0703125,102441032,25557032
6,ResNet,0.16635176539421082,170.34420776367188,174432.46875,178618848,44549160
7,ResNet,0.2248009368777275,230.19615936279297,235720.8671875,241378168,60192808
